id,name,phone_number,status,credentials,settings,auto_like,auto_view_status,auto_react,typing_mode,chatgpt_enabled,last_activity,messages_count,commands_count,approval_status,is_guest,approval_date,expiration_months,server_name,created_at,updated_at,auto_start,credential_verified,credential_phone,invalid_reason,auth_message_sent_at,presence_mode,always_online,presence_auto_switch
1642e6b2-d782-4cf9-be9a-d8deb5402162,"Deonare ",254753953405,loading,"{""me"": {""id"": ""254753953405:11@s.whatsapp.net"", ""lid"": ""104127824711769:11@lid"", ""name"": ""ùìúùì≤ùì¨ùì±ùì™ùìÆùìµ ùìºùì¨ùì∏ùìØùì≤ùìÆùìµùì≠""}, ""account"": {""details"": ""COfZ2fwBEOatxcYGGAEgACgA"", ""deviceSignature"": ""OJ17pKzIifnmwub8HY26m0aehq0FcFv5GFl7gT+7Iq/cSbGqgoYbMGvdnnIzoKdE9pMeofwvNxcdgBj2Z8zPCA=="", ""accountSignature"": ""jMaXOEa8TMtPeyJYM23O6XBy9VvSNSdh672QZTUT4RmfY6Cc9VcgC4PZhBe7s0xjA9uWB/sZ9SzB3cnGnRDACw=="", ""accountSignatureKey"": ""BYNMfhl6074xqzK7X7dx2QRQOce+V0oChcJMtAms/S8=""}, ""noiseKey"": {""public"": {""data"": ""dVhQdQzm5EeeRPLVCV8ZvZVTArBHw9hXj0deb9k552Q="", ""type"": ""Buffer""}, ""private"": {""data"": ""YBL3ZRlIJXJgIBc3rQWK+OgIK1QiuB+dhXPMIPEMsGk="", ""type"": ""Buffer""}}, ""platform"": ""smba"", ""registered"": true, ""pairingCode"": ""WRVNJGPA"", ""routingInfo"": {""data"": ""CAgIAg=="", ""type"": ""Buffer""}, ""advSecretKey"": ""FEUu/YDRaIlc07jeYmjMghSk1FaaoHmZefriwhvUhUo="", ""lastPropHash"": ""3R9Z39"", ""nextPreKeyId"": 31, ""signedPreKey"": {""keyId"": 1, ""keyPair"": {""public"": {""data"": ""bh8w7S2Tw7YEYtk21j/9nDLXH4BmV5KtjVmupqNnTT4="", ""type"": ""Buffer""}, ""private"": {""data"": ""AGN0AE1Gt1+AIeFI62IIC0+9U4KWHPTkm+6oZQDZQkM="", ""type"": ""Buffer""}}, ""signature"": {""data"": ""EuZqOOPyHzkt4pnetafm8TcfcnvxcYIONT3UGThcKEkHqC/1xeEkFrdegbzE/2StSB7yGM4x4ECIrhjMlwaAAA=="", ""type"": ""Buffer""}}, ""registrationId"": 188, ""accountSettings"": {""unarchiveChats"": false}, ""myAppStateKeyId"": ""AAAAAH/S"", ""signalIdentities"": [{""identifier"": {""name"": ""254753953405:11@s.whatsapp.net"", ""deviceId"": 0}, ""identifierKey"": {""data"": ""BQWDTH4ZetO+Masyu1+3cdkEUDnHvldKAoXCTLQJrP0v"", ""type"": ""Buffer""}}], ""signedIdentityKey"": {""public"": {""data"": ""luw6yLqENHhNLFIzwPx6HnKYiC+tdqpPbVMHIsN+TDM="", ""type"": ""Buffer""}, ""private"": {""data"": ""IDJ6EQIozypE49sE4LKt+0xDlvGWNmRk3Mrrr/RFtGg="", ""type"": ""Buffer""}}, ""accountSyncCounter"": 0, ""firstUnuploadedPreKeyId"": 31, ""pairingEphemeralKeyPair"": {""public"": {""data"": ""PXZJB4WdgsXyA2L9v4bNPu7asDkeGPkjUDjnqQj5mgU="", ""type"": ""Buffer""}, ""private"": {""data"": ""MJPC1mhoW7dhu496EKvqZ/mneqk+tmLs8qx+H5fRPEY="", ""type"": ""Buffer""}}, ""lastAccountSyncTimestamp"": 1758549749, ""processedHistoryMessages"": []}","{""features"": {""chatGPT"": false, ""autoLike"": true, ""autoView"": true, ""autoReact"": false, ""presenceMode"": ""always_typing"", ""intervalSeconds"": 30, ""typingIndicator"": true}}",t,t,f,typing,f,2025-09-23 12:49:07.916,33,2,approved,t,2025-09-22T14:25:37.295Z,1,SERVER2,2025-09-22 14:04:47.051304,2025-09-24 09:01:34.021654,t,t,254753953405,,,available,f,f
2b2af7b1-4954-4499-889e-53d1d11fa595,maina,254114282300,loading,"{""me"": {""id"": ""254114282300:3@s.whatsapp.net"", ""lid"": ""209195542540497:3@lid"", ""name"": ""√ëƒØ B√∏√±tƒõ""}, ""account"": {""details"": ""CNLWtcgBELfMxcYGGAEgACgA"", ""deviceSignature"": ""7vIrI3jlHusgOQoSt9tP8+yni820rQ0kKSfveHSu9QEWslzC+0j5DSTtJI0kEa1ZUZBf8IKrjxsAQimm0Hp0Dw=="", ""accountSignature"": ""6ZIxbXyf69x2eTh+lM6UJpoVjgXz1GhoFQl8rBWmKdN72oqWHcSrpox8HJen7YukSTYYmWpm2KhkCOGcB3ZEAg=="", ""accountSignatureKey"": ""gOVel/hPmmknqafYJmnQ5FnumFKSlKbrsNcKjsY+vmg=""}, ""noiseKey"": {""public"": {""data"": ""51tqyfelPVxgbBnzaDatLDcZ9eRPZlVZ4NB96x5qu0E="", ""type"": ""Buffer""}, ""private"": {""data"": ""0GF/u+nX1ZbA/ojbEnOdomFzDRF5zLdUJ4gV7AIrKGc="", ""type"": ""Buffer""}}, ""platform"": ""smba"", ""registered"": true, ""pairingCode"": ""4Q6C4JYN"", ""routingInfo"": {""data"": ""CBIIAg=="", ""type"": ""Buffer""}, ""advSecretKey"": ""bd6AX+Pxqq5Zs121HUSwJBkpdEGR7MMN2c4qEBl91mE="", ""lastPropHash"": ""2V77qU"", ""nextPreKeyId"": 31, ""signedPreKey"": {""keyId"": 1, ""keyPair"": {""public"": {""data"": ""vNAi4UDbfk4o11EvKI3pNcKjz4deKaVUMS+xH277VzU="", ""type"": ""Buffer""}, ""private"": {""data"": ""cJeu4HeGfuxxEb30l5LV30ymJqewbHeiwi1CbG3WMX4="", ""type"": ""Buffer""}}, ""signature"": {""data"": ""W6c8uC/dtdob8prwycK8C/HD7AL5e9ahrfx9o9fMgm5/cJzAtnJFKCtuhgo/UvJPtg61TRmFQxhYzfAFwVzBBQ=="", ""type"": ""Buffer""}}, ""registrationId"": 93, ""accountSettings"": {""unarchiveChats"": false}, ""myAppStateKeyId"": ""AAAAALPd"", ""signalIdentities"": [{""identifier"": {""name"": ""254114282300:3@s.whatsapp.net"", ""deviceId"": 0}, ""identifierKey"": {""data"": ""BYDlXpf4T5ppJ6mn2CZp0ORZ7phSkpSm67DXCo7GPr5o"", ""type"": ""Buffer""}}], ""signedIdentityKey"": {""public"": {""data"": ""xmXo5cRaAGx2z1CsRKDpmVwLNgGur4Q5RJdU+JOv6WM="", ""type"": ""Buffer""}, ""private"": {""data"": ""+HOjBT5uJfThh9kOeXNXaDQTokb/5KHQvPy7V5NkWXo="", ""type"": ""Buffer""}}, ""accountSyncCounter"": 0, ""firstUnuploadedPreKeyId"": 31, ""pairingEphemeralKeyPair"": {""public"": {""data"": ""BwPwNolCL0VDWWMQyvul/qqKJPz3voB8DQpgbREmHws="", ""type"": ""Buffer""}, ""private"": {""data"": ""+MzmTAlAmkTKM4XE3n/jd53fpMPxTTIt8TVQ506CDkE="", ""type"": ""Buffer""}}, ""lastAccountSyncTimestamp"": 1758553670, ""processedHistoryMessages"": []}","{""features"": {""chatGPT"": true, ""autoLike"": true, ""autoView"": true, ""autoReact"": false, ""presenceMode"": ""always_online"", ""intervalSeconds"": 30, ""typingIndicator"": true}}",t,t,f,typing,t,2025-09-24 08:08:40.606,54,0,approved,t,2025-09-22T15:53:08.153Z,1,SERVER2,2025-09-22 15:13:12.809836,2025-09-24 09:01:34.025518,t,t,254114282300,,,available,f,f
45ccd968-9ae8-4331-9c4c-3cbe114edeaa,Flash four,254742625199,loading,"{""me"": {""id"": ""254742625199:1@s.whatsapp.net"", ""lid"": ""103681080971370:1@lid""}, ""account"": {""details"": ""CIvY+nQQtpjMxgYYASAAKAA="", ""deviceSignature"": ""EN2fyLIoR3S1780C9cTgcqPi1VSo2ePwJl6H4r6CiIN2fZBdKLB2nlrM3JrRL2rH2sZnvyrWglXhEi7FSZX5Dg=="", ""accountSignature"": ""IUEzITdYPrQ0G4ep4GJdyuyV+LBPmxluQrQJtpjamaGIPaO9cPJr67b1jSWIlsH1VMeVaONYvzPnUNYbMzWUBQ=="", ""accountSignatureKey"": ""oIggJx90z23hHus9T76bXrZaflhHDNKfqoP1n8m4Hx4=""}, ""noiseKey"": {""public"": {""data"": ""OGhbYTWQhngD/Fs1XF0za5AYxgvQimxeVj5KZsuyuX0="", ""type"": ""Buffer""}, ""private"": {""data"": ""OIbipclKQqjYzXYI5KKT19jl/RouC8mjVgjqZR6HuW8="", ""type"": ""Buffer""}}, ""platform"": ""android"", ""registered"": true, ""pairingCode"": ""PG3M5KN8"", ""routingInfo"": {""data"": ""CAUIEg=="", ""type"": ""Buffer""}, ""advSecretKey"": ""t/msDqxV5cFr246Ep9VlnX9Hglz9qu+VZJO2B5oMDjY="", ""lastPropHash"": ""3R9Z39"", ""nextPreKeyId"": 31, ""signedPreKey"": {""keyId"": 1, ""keyPair"": {""public"": {""data"": ""I1xMgdgnIsAu7L8slZZ1am47cjG0pyrKN/BXWpeCLRI="", ""type"": ""Buffer""}, ""private"": {""data"": ""oKtu45klx7a0eAesfGWp4CW8nzzSSkmSzQzd+DpdP0Q="", ""type"": ""Buffer""}}, ""signature"": {""data"": ""iDgMKYiuSbzG+hmS4sHOPTe50mtk6QuBqljATRcNmQe2mHaz6BDJNTkQLANo1j3kd/I4xHc3Q2t65cFz4iqVDQ=="", ""type"": ""Buffer""}}, ""registrationId"": 184, ""accountSettings"": {""unarchiveChats"": false}, ""signalIdentities"": [{""identifier"": {""name"": ""254742625199:1@s.whatsapp.net"", ""deviceId"": 0}, ""identifierKey"": {""data"": ""BaCIICcfdM9t4R7rPU++m162Wn5YRwzSn6qD9Z/JuB8e"", ""type"": ""Buffer""}}], ""signedIdentityKey"": {""public"": {""data"": ""j3TlvdxyLvH5bwwd18OmCMA+znm04Ejs6lZadBXIqVI="", ""type"": ""Buffer""}, ""private"": {""data"": ""gBWJoK8AWE+2G//xsYa8EmLW1wU5bUy/1TSIh7BOAl0="", ""type"": ""Buffer""}}, ""accountSyncCounter"": 0, ""firstUnuploadedPreKeyId"": 31, ""pairingEphemeralKeyPair"": {""public"": {""data"": ""Yq4chJ35SeRVp12SN14y5b989ieoaYh499tMzDIJpUU="", ""type"": ""Buffer""}, ""private"": {""data"": ""qGaUEwb2j2qiX/yE7OiOYrG3zyrk1yAHyZaeZUALomw="", ""type"": ""Buffer""}}, ""lastAccountSyncTimestamp"": 1758661700, ""processedHistoryMessages"": []}","{""features"": {""chatGPT"": true, ""autoLike"": true, ""autoView"": true, ""autoReact"": true, ""presenceMode"": ""always_online"", ""intervalSeconds"": 30}}",t,t,t,none,t,2025-09-24 08:08:41.297,9,1,approved,t,2025-09-23T21:20:40.428Z,2,SERVER2,2025-09-23 21:18:05.011405,2025-09-24 09:01:54.222404,t,t,254742625199,,,available,f,f
944e6365-92ca-4e57-96e4-1bb9da67f515,"Frank ",254768989551,loading,"{""me"": {""id"": ""254768989551:70@s.whatsapp.net"", ""lid"": ""197516956041385:70@lid"", ""name"": ""Frank""}, ""account"": {""details"": ""CMjRzPQDEKDkgMMGGAQgACgA"", ""deviceSignature"": ""DFtYACs+JspXvJr5XIZOm9BN9fcK6g6ri5FlXgvIxb8RRh0Jyr3zB2oAvlgC/0S4S52zfkzZGLEUo0SlRIuDiw=="", ""accountSignature"": ""XG/VPMklfW0+xsS0uoE20PIYd8cWl3IZ6ISNN7x/NJPsm4FOCQSBTc3GhP5wAB9CNzjOlyfVOGxrNIx592kmCw=="", ""accountSignatureKey"": ""EXU58TbGTuq5cPXoT4TrchgTEG4Qd3h/xrkB7/XomSw=""}, ""noiseKey"": {""public"": {""data"": ""9KZnzi4VyKUgFODw8x94CSHC5+A9zOulHUepldDlSXo="", ""type"": ""Buffer""}, ""private"": {""data"": ""AD+cDrEtLODmpg+eSiXVdYDs8SkJJTYvuEUzP2iTuEU="", ""type"": ""Buffer""}}, ""platform"": ""android"", ""registered"": true, ""pairingCode"": ""2BPMEELA"", ""routingInfo"": {""data"": ""CAgIBQ=="", ""type"": ""Buffer""}, ""advSecretKey"": ""5FlEDda9FMQGtN/EXTH/o9jr36fGyCHJvYMoevDrroA="", ""lastPropHash"": ""3R9Z39"", ""nextPreKeyId"": 31, ""signedPreKey"": {""keyId"": 1, ""keyPair"": {""public"": {""data"": ""WCISKpDL28m+KRF8FWRdeQGTnHQFP8KI3i9GrLm4FU0="", ""type"": ""Buffer""}, ""private"": {""data"": ""ECxH3/PFi4o1fBuyNvU+F/LkKGbb+V4JQhHsh2q0yF0="", ""type"": ""Buffer""}}, ""signature"": {""data"": ""x0Wpvj/hYUcF6yMCxJAX7eoMVjHHqRoP/z1mIpUOIpyaWpcN2JKELiaTAcUA6X6iQeHP4DZ1kS9Y/ObNDq5RjQ=="", ""type"": ""Buffer""}}, ""registrationId"": 15, ""accountSettings"": {""unarchiveChats"": false}, ""myAppStateKeyId"": ""AAAAABqG"", ""signalIdentities"": [{""identifier"": {""name"": ""254768989551:70@s.whatsapp.net"", ""deviceId"": 0}, ""identifierKey"": {""data"": ""BRF1OfE2xk7quXD16E+E63IYExBuEHd4f8a5Ae/16Jks"", ""type"": ""Buffer""}}], ""signedIdentityKey"": {""public"": {""data"": ""M0LWpS4Gmzi4+UxOwucmIaK1jGl/Uhuw4TUOArWpKDo="", ""type"": ""Buffer""}, ""private"": {""data"": ""kHwKo9zFdgxo+aslSfrYwfKwcl6f13sj6RLfh203wF8="", ""type"": ""Buffer""}}, ""accountSyncCounter"": 1, ""firstUnuploadedPreKeyId"": 31, ""pairingEphemeralKeyPair"": {""public"": {""data"": ""y5M1DOaFGzamP98hJr5Jv4EtDO3S7jIEpkoIDthV1BE="", ""type"": ""Buffer""}, ""private"": {""data"": ""AJGQPvhma7qBMN3VktUxq8wTOtxZ9SjafQ6ly2D8t2s="", ""type"": ""Buffer""}}, ""lastAccountSyncTimestamp"": 1751134765, ""processedHistoryMessages"": [{""key"": {""id"": ""EF3827507F1CBB61982E76C4DE6A68E2"", ""fromMe"": true, ""remoteJid"": ""254768989551@s.whatsapp.net""}, ""messageTimestamp"": 1751134778}, {""key"": {""id"": ""5794CD42CB1A870827689E82919E0DE6"", ""fromMe"": true, ""remoteJid"": ""254768989551@s.whatsapp.net""}, ""messageTimestamp"": 1751134809}]}","{""features"": {""chatGPT"": true, ""autoLike"": true, ""autoView"": true, ""autoReact"": false, ""presenceMode"": ""auto_switch"", ""intervalSeconds"": 30, ""typingIndicator"": true}}",t,t,f,typing,t,2025-09-24 08:08:43.446,32,4,approved,t,2025-09-22T05:34:36.712Z,1,SERVER2,2025-09-22 04:41:54.553465,2025-09-24 09:02:00.921203,t,t,254768989551,,,available,f,f
5cf831e9-8258-4744-b653-e69f1b6e7c3c,Pomsy,254701579422,loading,"{""me"": {""id"": ""254701579422:22@s.whatsapp.net"", ""lid"": ""17893320355898:22@lid""}, ""account"": {""details"": ""CJL7wq4HEMGtxsYGGAkgACgA"", ""deviceSignature"": ""DODkgjT5ecXea0RW7sGUGu3vszS8fKSMwIbxCyzRd9E7wTr5rJhnIPhnJolLH0Czoa7k04/7MH7KDGe6uZeHgw=="", ""accountSignature"": ""rffPJHjUxIufpOry9v07b/2v6x4UIt2KgeQVnL6u9Rlcigqp+D/JOppRVZAK02G3qpXMNQH9GUVlQhSuZ7FTBA=="", ""accountSignatureKey"": ""1GMC8NwylHVY55Fv6NH5mieOM7f14QqT3AlcXxffKUw=""}, ""noiseKey"": {""public"": {""data"": ""3NXw4jggnqkm/13HRXkaLQHaItS16tXgzfgRy/6LCi8="", ""type"": ""Buffer""}, ""private"": {""data"": ""MCzZYy8W1G4QukV+Zzn50hM6qqw/Rr4+q96v3KAx/GE="", ""type"": ""Buffer""}}, ""platform"": ""android"", ""registered"": true, ""pairingCode"": ""GBSMJJCC"", ""routingInfo"": {""data"": ""CA0ICA=="", ""type"": ""Buffer""}, ""advSecretKey"": ""Whw/Ud/iIYm1Zq2EpsTteRoIMTwimQZxIXqCxmgxGCQ="", ""lastPropHash"": ""PWk5B"", ""nextPreKeyId"": 31, ""signedPreKey"": {""keyId"": 1, ""keyPair"": {""public"": {""data"": ""RryLHTomcaaV6YHvrT4FHRQduiazdJQnPsj2ST8xx2E="", ""type"": ""Buffer""}, ""private"": {""data"": ""SIsPFtkaUgbmB84qEIx/rLeB4XMStFMNq8PgVsnHNX8="", ""type"": ""Buffer""}}, ""signature"": {""data"": ""YMfUQanwxkJGAWnKUnDGAeq3R/msovhnRnEx1ew/GQbSj8uIEbguYs8belfZXstlh3npZUSiJOGlTJRHpysMjQ=="", ""type"": ""Buffer""}}, ""registrationId"": 129, ""accountSettings"": {""unarchiveChats"": false}, ""signalIdentities"": [{""identifier"": {""name"": ""254701579422:22@s.whatsapp.net"", ""deviceId"": 0}, ""identifierKey"": {""data"": ""BdRjAvDcMpR1WOeRb+jR+ZonjjO39eEKk9wJXF8X3ylM"", ""type"": ""Buffer""}}], ""signedIdentityKey"": {""public"": {""data"": ""p84+ZoIkrhAE0vMNs5DsSZTO3ICUGeXempOZHR4l4nM="", ""type"": ""Buffer""}, ""private"": {""data"": ""sLuXqisrNY9Gojk2/vT9+2IgLNuSi6/EqyEj9lMWgHs="", ""type"": ""Buffer""}}, ""accountSyncCounter"": 0, ""firstUnuploadedPreKeyId"": 31, ""pairingEphemeralKeyPair"": {""public"": {""data"": ""snN4T/cflqvfabK+1qKtbKtcQi2Sib4LkmtEg6/zdzA="", ""type"": ""Buffer""}, ""private"": {""data"": ""+DuWhe5RAh/AtJ7naudtAgsmKAZVysX0FifLXrcQSXc="", ""type"": ""Buffer""}}, ""lastAccountSyncTimestamp"": 1758566095, ""processedHistoryMessages"": []}","{""features"": {""chatGPT"": true, ""autoLike"": false, ""autoView"": true, ""autoReact"": false, ""presenceMode"": ""always_online"", ""intervalSeconds"": 30, ""typingIndicator"": true}}",f,t,f,typing,t,2025-09-23 12:43:00.023,25,1,approved,t,2025-09-22T18:41:47.313Z,2,SERVER2,2025-09-22 18:40:47.961389,2025-09-24 09:01:34.022629,t,t,254701579422,,,available,f,f
43132d78-820d-4f98-8b25-3e38c224d105,Dirty mind set,254722159583,loading,"{""me"": {""id"": ""254722159583:20@s.whatsapp.net"", ""lid"": ""132015047372921:20@lid""}, ""account"": {""details"": ""CLveuNQFELPLysYGGAEgACgA"", ""deviceSignature"": ""Cd4Pg1HKAXBF5G7FyBRtdYXWSN7P+xZ4yfJEdsMkUtmiPNl7yQVAEmkoAWjML+cnmrRWuqJl90qbcJXkJ/TKAQ=="", ""accountSignature"": ""pVJppw9Z8o0QBUIWeYQtJymfXhTq9RcfiCM4oTyyvt93Gq6kjZ0Z0KepfXe4JiMgYQVrkUod7f08GKGQiOdvCQ=="", ""accountSignatureKey"": ""0Ytd0zL3QmF6Yv5C55G0VQD0eLd0pgpaFZhi7gs7mCg=""}, ""noiseKey"": {""public"": {""data"": ""VtLV87oTnyAu1pCgxf/SP4fRrSBgkMzKlFHpv4j6IjQ="", ""type"": ""Buffer""}, ""private"": {""data"": ""QJ6SiFIVh7WFEL1x9nJ9+e5JjaP/MbkEAw5KIiUG6EU="", ""type"": ""Buffer""}}, ""platform"": ""android"", ""registered"": true, ""pairingCode"": ""6QTAQ2NY"", ""routingInfo"": {""data"": ""CA0IAg=="", ""type"": ""Buffer""}, ""advSecretKey"": ""blGUrw+v/ZmWIkNI+hsdzYxtposT01OT3JnQsnOyZio="", ""lastPropHash"": ""PWk5B"", ""nextPreKeyId"": 31, ""signedPreKey"": {""keyId"": 1, ""keyPair"": {""public"": {""data"": ""aoOOHmVaGC+a8co+gcMEhFwMlsclhb6OOh+Ga40rkTw="", ""type"": ""Buffer""}, ""private"": {""data"": ""kPs1BoZamkByPvUy+qUWMieBqLoyZE+kHtPN6mQo5Vo="", ""type"": ""Buffer""}}, ""signature"": {""data"": ""g6puQG7AZBpi5Suv/OaEu2O4pS3JN7bZErtkxfGPEsMLYS9PtRFr3oeu9o4gqEIhVzyV6z1cL03qMRoKuz9OBw=="", ""type"": ""Buffer""}}, ""registrationId"": 244, ""accountSettings"": {""unarchiveChats"": false}, ""signalIdentities"": [{""identifier"": {""name"": ""254722159583:20@s.whatsapp.net"", ""deviceId"": 0}, ""identifierKey"": {""data"": ""BdGLXdMy90JhemL+QueRtFUA9Hi3dKYKWhWYYu4LO5go"", ""type"": ""Buffer""}}], ""signedIdentityKey"": {""public"": {""data"": ""+9al8J4lmzbhhS/PrQIwGaSH8WwXd15404pviHx0fD0="", ""type"": ""Buffer""}, ""private"": {""data"": ""sMYIn6e+Fye1jMdzTuxzJ1K/rPvq49OSNUDDm3QLTlY="", ""type"": ""Buffer""}}, ""accountSyncCounter"": 0, ""firstUnuploadedPreKeyId"": 31, ""pairingEphemeralKeyPair"": {""public"": {""data"": ""xQMRYARETsWTPGGEuecnuP7YDcMDTP3o+9ID/MPc0HA="", ""type"": ""Buffer""}, ""private"": {""data"": ""yPhHJQn6mgWNBxfepEuf0Me07FvYMWH+SOWvJnt0klA="", ""type"": ""Buffer""}}, ""lastAccountSyncTimestamp"": 1758635457, ""processedHistoryMessages"": []}","{""features"": {""chatGPT"": true, ""autoLike"": true, ""autoView"": true, ""autoReact"": true, ""presenceMode"": ""always_typing"", ""intervalSeconds"": 30, ""typingIndicator"": false}}",t,t,t,none,t,2025-09-23 16:59:40.011,7,2,approved,t,2025-09-23T13:59:55.438Z,3,SERVER2,2025-09-23 13:56:19.569908,2025-09-24 09:02:00.921943,t,t,254722159583,,,available,f,f
b05e7310-67c5-42b3-b879-f64d55a0f07f,MRüòé√ú√ëR√õLYüö≠üç∫üçÄ,254796909916,loading,"{""me"": {""id"": ""254796909916:10@s.whatsapp.net"", ""lid"": ""222582922035254:10@lid""}, ""account"": {""details"": ""CPGPje8DEPWSxsYGGAEgACgA"", ""deviceSignature"": ""rJ3GOjvH+5IV2D7VVDwjVEWMOsh06h1z2syJcBJZ3zqtrxBTRmyTgIw1Hi1XVHm14a16V4eKUHVSfEIkDoMygw=="", ""accountSignature"": ""C8OFjnr2WkQXn+wHeEa3GOpnxZ7JyXkttdD8RT8rND52E3jAbolm5zipEyWfoWBU4/dK034yjbpJKP8FXfG8Dw=="", ""accountSignatureKey"": ""0+aicEXYrJFTUkqnV8CurEOvZID62j8X5J7BJJjzaRs=""}, ""noiseKey"": {""public"": {""data"": ""ch45I7/dxk2b6Mk1tM36r+EuUIRZi141HnZbwfrseH4="", ""type"": ""Buffer""}, ""private"": {""data"": ""uKcaZ3lfVyQmlgG0UxOVZ1++UJXAjtR18jFvZhjXA2s="", ""type"": ""Buffer""}}, ""platform"": ""android"", ""registered"": true, ""pairingCode"": ""G9APPVGG"", ""routingInfo"": {""data"": ""CAIIBQ=="", ""type"": ""Buffer""}, ""advSecretKey"": ""cHz5TMErlGa2PeHS7WE5QHooKze6wjF4/wwPYu4JjS8="", ""lastPropHash"": ""3R9Z39"", ""nextPreKeyId"": 31, ""signedPreKey"": {""keyId"": 1, ""keyPair"": {""public"": {""data"": ""4yl4Yq6D2DNpiGoicluuWJJt+Nn1mApM02bHQQxIXg4="", ""type"": ""Buffer""}, ""private"": {""data"": ""eMhMTPMF4lC5lT6S9KfmPxteC4/uSSsJQZRctDfQFVY="", ""type"": ""Buffer""}}, ""signature"": {""data"": ""tU6IWqwkGnS/IJZcph7NtDdsovPlHGhPrvO4LXcYp3MU6muqchi8DFo+ZOKufwDRuWlWGi4vKnWSQSRp25f4jA=="", ""type"": ""Buffer""}}, ""registrationId"": 6, ""accountSettings"": {""unarchiveChats"": false}, ""signalIdentities"": [{""identifier"": {""name"": ""254796909916:10@s.whatsapp.net"", ""deviceId"": 0}, ""identifierKey"": {""data"": ""BdPmonBF2KyRU1JKp1fArqxDr2SA+to/F+SewSSY82kb"", ""type"": ""Buffer""}}], ""signedIdentityKey"": {""public"": {""data"": ""NvE6l4IyJ8hLw5FS3YbsQMw3DcCPZnsywVKuwFaTfX0="", ""type"": ""Buffer""}, ""private"": {""data"": ""oKK4Iavflo6Fx4Qyj2tXl4EPwl4q/xyCb0eIEYv/ykI="", ""type"": ""Buffer""}}, ""accountSyncCounter"": 0, ""firstUnuploadedPreKeyId"": 31, ""pairingEphemeralKeyPair"": {""public"": {""data"": ""RBBOrypuQghFs0zF55MHzZOFn2aSmapzMQMtEnbWkhw="", ""type"": ""Buffer""}, ""private"": {""data"": ""2GSS5UQtxmA4Slve6nLrEqxyFfMvG/DYY4JTPPLHyXU="", ""type"": ""Buffer""}}, ""lastAccountSyncTimestamp"": 1758562692, ""processedHistoryMessages"": []}","{""features"": {""chatGPT"": false, ""autoLike"": true, ""autoView"": true, ""autoReact"": false, ""presenceMode"": ""always_recording"", ""intervalSeconds"": 30, ""typingIndicator"": true}}",t,t,f,typing,f,2025-09-22 19:16:21.21,3,0,approved,t,2025-09-22T18:31:32.628Z,3,SERVER2,2025-09-22 14:41:38.430267,2025-09-24 09:01:29.63081,t,t,254796909916,,,available,f,f
6e990382-d961-424e-9e8a-7fe56d980a5a,Trekker,254799257758,online,"{""me"": {""id"": ""254799257758:21@s.whatsapp.net"", ""lid"": ""280234452607229:21@lid""}, ""account"": {""details"": ""COij0JcDEJGY68UGGAEgACgA"", ""deviceSignature"": ""+VsqdPCSKkiyv4EJGZjhr9ms28o4OEGZtZXip11WpY0dx4hRPIFPowbLn1Rlib6ibPs90EPSHY7RsS+iZEmCgA=="", ""accountSignature"": ""4OxRL9CPa/6zvSEADoCYg+w4bg5XPWVisxzVtXfdPQgT4NuZgOBhCZDZJbM9vekCPbpcHKTmBfCnq29b5CooCg=="", ""accountSignatureKey"": ""/BVZg/mHscZTS0bMbIjJyxbx5Q3aDlGQF3XlVrP0xGQ=""}, ""noiseKey"": {""public"": {""data"": ""StJ2MYDXbGtGF8gqNQ1ANWbYQs6LDj+CKdzdmYEapi8="", ""type"": ""Buffer""}, ""private"": {""data"": ""aAuk9JB1TbQWnimOtKZ1h+Dk7jFajBdIUa6zoz30OWU="", ""type"": ""Buffer""}}, ""platform"": ""android"", ""registered"": true, ""pairingCode"": ""PE7TNXJZ"", ""routingInfo"": {""data"": ""CAUICA=="", ""type"": ""Buffer""}, ""advSecretKey"": ""zTT31Wh9ty63L3uini2DcsZIviSqWVEOSqf3q20snpc="", ""lastPropHash"": ""2V77qU"", ""nextPreKeyId"": 31, ""signedPreKey"": {""keyId"": 1, ""keyPair"": {""public"": {""data"": ""msxWguFmYK4NBwyTJXJDX5JdgrGDn3r8IOXczfUjJBU="", ""type"": ""Buffer""}, ""private"": {""data"": ""eCDK2CRLB3pwQCUK8VK6kPq/omddVovNf28HwE3ks0w="", ""type"": ""Buffer""}}, ""signature"": {""data"": ""JuwUbSIRkETp8cDKGA+TN7W4IwrxhBWDd/ajMIsZzGh0brCIFG7jT11SWmD2GM1MsXLH1PDd8MsR/FnRRNa5gg=="", ""type"": ""Buffer""}}, ""registrationId"": 208, ""accountSettings"": {""unarchiveChats"": false}, ""signalIdentities"": [{""identifier"": {""name"": ""254799257758:21@s.whatsapp.net"", ""deviceId"": 0}, ""identifierKey"": {""data"": ""BfwVWYP5h7HGU0tGzGyIycsW8eUN2g5RkBd15Vaz9MRk"", ""type"": ""Buffer""}}], ""signedIdentityKey"": {""public"": {""data"": ""7nxJD0R9jArDJ4NDwdRTOW4cX9rFJdicI/YegAC57Gw="", ""type"": ""Buffer""}, ""private"": {""data"": ""MNoAqEi9ur42w3tXByNeILpLu7CEM028zEMCu5kOuXs="", ""type"": ""Buffer""}}, ""accountSyncCounter"": 0, ""firstUnuploadedPreKeyId"": 31, ""pairingEphemeralKeyPair"": {""public"": {""data"": ""jKjc8i9lTjtOYvW15Vk8SapRT731ykrdu11mw5gZrhI="", ""type"": ""Buffer""}, ""private"": {""data"": ""cMtN1pYtd9JCjqTnCc/dWIFf5HAM96/t3mvkLPdOYkM="", ""type"": ""Buffer""}}, ""lastAccountSyncTimestamp"": 1757072415, ""processedHistoryMessages"": []}","{""features"": {""chatGPT"": true, ""autoLike"": true, ""autoView"": true, ""autoReact"": false, ""alwaysOnline"": false, ""presenceMode"": ""always_recording"", ""autoRecording"": false, ""intervalSeconds"": 30, ""typingIndicator"": true, ""presenceAutoSwitch"": false}}",t,t,f,typing,t,2025-09-24 09:03:20.911,330,69,approved,t,2025-09-13T14:18:48.863Z,3,SERVER1,2025-09-13 14:10:03.221681,2025-09-24 09:03:20.935194,t,t,254799257758,,,available,f,f
36db544f-e53a-4c0e-9e80-a16aea95c431,TREKKER MD LIFETIME BOT,254110991405,loading,"{""me"": {""id"": ""254110991405:4@s.whatsapp.net"", ""lid"": ""108521576255603:4@lid""}, ""account"": {""details"": ""CObn+1kQvsvFxgYYASAAKAA="", ""deviceSignature"": ""k/PYS/JiuM67OhOD7KfCAQ7wtXUCn1ZrO6MQ+C6+7LcLdz32nMKzSJTLno4WXztpSNf7TueSwBQgTl96xKTwhg=="", ""accountSignature"": ""Aq93XaDlsTAo0vPG8vlGDOpcYiPDDHb6xHN78TssaK5He0mPQu+l4zEwy0eB54LM3gJxttysFmOgoHrhyWK7BQ=="", ""accountSignatureKey"": ""suI2a5NYezOWxq/ktG6OM8ZYooasvgb365TEf1oIKXA=""}, ""noiseKey"": {""public"": {""data"": ""83blmj5FT3XZB/LLOD2furqUjEvvlD4+esMy5qWgFW0="", ""type"": ""Buffer""}, ""private"": {""data"": ""QPKZL5ZS4PdBJHNxXiM7GrmZsD/5xGAF5+LQe8GUw2k="", ""type"": ""Buffer""}}, ""platform"": ""android"", ""registered"": true, ""pairingCode"": ""V3L97YAC"", ""routingInfo"": {""data"": ""CA0IBQ=="", ""type"": ""Buffer""}, ""advSecretKey"": ""ZKNG9j2Bvi05wnDTPSR80DT2K2ttNBGgOO565AueT/8="", ""lastPropHash"": ""3R9Z39"", ""nextPreKeyId"": 31, ""signedPreKey"": {""keyId"": 1, ""keyPair"": {""public"": {""data"": ""/U2sTBXHInoNHubcJ/sk3ivi8bG585yCJQmmUmbgfBE="", ""type"": ""Buffer""}, ""private"": {""data"": ""aG92yjBPY5cW3khFFw6RIz4oDDfkTssHaLYvVcJGBVU="", ""type"": ""Buffer""}}, ""signature"": {""data"": ""mdG2E8Lnino7M2fAzTmRILL63bv+2LFiPh70i2SAg/lZnld4HMQ+72LIUfROYQ7K/knrtH1IxbNYvsvNhlSnjw=="", ""type"": ""Buffer""}}, ""registrationId"": 44, ""accountSettings"": {""unarchiveChats"": false}, ""myAppStateKeyId"": ""AAAAAFUv"", ""signalIdentities"": [{""identifier"": {""name"": ""254110991405:4@s.whatsapp.net"", ""deviceId"": 0}, ""identifierKey"": {""data"": ""BbLiNmuTWHszlsav5LRujjPGWKKGrL4G9+uUxH9aCClw"", ""type"": ""Buffer""}}], ""signedIdentityKey"": {""public"": {""data"": ""7JsL5RB240Au9SC+2CF+5ih9sO1FC58oGezMl6pOYFI="", ""type"": ""Buffer""}, ""private"": {""data"": ""OL0GsAXnplT5DT46rWHZQA8+A6YeQRgknWyKUY1S1GI="", ""type"": ""Buffer""}}, ""accountSyncCounter"": 0, ""firstUnuploadedPreKeyId"": 31, ""pairingEphemeralKeyPair"": {""public"": {""data"": ""97GBr6zLuvJfLDmonPZxuF6RVbmqRaIRt4wxydq2oEA="", ""type"": ""Buffer""}, ""private"": {""data"": ""yLTPgVylD1ozy4t6Qd9ThXr+lK8lWUEDaNcV/W6UxlE="", ""type"": ""Buffer""}}, ""lastAccountSyncTimestamp"": 1758553548, ""processedHistoryMessages"": []}","{""features"": {""chatGPT"": true, ""autoLike"": true, ""autoView"": true, ""autoReact"": false, ""presenceMode"": ""always_online"", ""intervalSeconds"": 30, ""typingIndicator"": true}}",t,t,f,typing,t,2025-09-24 08:39:56.343,34,1,approved,t,2025-09-22T15:54:15.388Z,3,SERVER2,2025-09-22 15:08:48.406853,2025-09-24 09:01:29.63273,t,t,254110991405,,,available,f,f
068486b4-8cb1-4276-b4f9-c2fd27aa24c9,"Treker1 ",254704897825,offline,"{""me"": {""id"": ""254704897825:48@s.whatsapp.net"", ""lid"": ""7198767878239:48@lid"", ""name"": ""Trekker inc""}, ""account"": {""details"": ""CPzdzd0GEJ/vyMYGGAEgACgA"", ""deviceSignature"": ""iGWAvKGURLBnxwJ+sBXJ5b8KTgRR/KDEqwZYgPNRhrcE23fKSAi4Bo6YqWT+gscqlJNCt+giRuQep0JAA02MCQ=="", ""accountSignature"": ""hhUEivOAuOq9RsOZit5cqfrfnpv3uljTymJf9w5BZIFq5sm/8YyKmMD0Me6FMmqV+ijg4/oC3TVtJASHnI94BQ=="", ""accountSignatureKey"": ""ls6b6QWWT43iLgA9xYWEQOdXNKXdnxXIF2wH0aXWvgk=""}, ""noiseKey"": {""public"": {""data"": ""k7+mXNXf/zeJ791O5k6LXy+9KMv+NL6R7rbLeV8Tz0g="", ""type"": ""Buffer""}, ""private"": {""data"": ""MPusOXMvdClLPlI7vgS+h7N2VfTxaTZK25NQrS0mH1o="", ""type"": ""Buffer""}}, ""platform"": ""smba"", ""registered"": true, ""pairingCode"": ""QTVBJC27"", ""routingInfo"": {""data"": ""CAIIDQ=="", ""type"": ""Buffer""}, ""advSecretKey"": ""ioNhjh01Rw2eweaPILTYPUFz7Pmrdk40AMBV2Ouy6Tg="", ""lastPropHash"": ""3R9Z39"", ""nextPreKeyId"": 31, ""signedPreKey"": {""keyId"": 1, ""keyPair"": {""public"": {""data"": ""4cX/mLJmB59zsm9EMNeJgiotmnFUls+4cOg1tm6KmlU="", ""type"": ""Buffer""}, ""private"": {""data"": ""2I/a2Wcx2MLb31h1zM+XKx4gJ7xVPFQxZoJvZfe+02Q="", ""type"": ""Buffer""}}, ""signature"": {""data"": ""KVrhDyikmiPLsEXDyeRtXo3HDPY/MV5Rh7oc55tmwikDv44I8chR2G4BH5Lfzx9Dji1qw37tqW+oV9nk0C9ECQ=="", ""type"": ""Buffer""}}, ""registrationId"": 217, ""accountSettings"": {""unarchiveChats"": false}, ""signalIdentities"": [{""identifier"": {""name"": ""254704897825:48@s.whatsapp.net"", ""deviceId"": 0}, ""identifierKey"": {""data"": ""BZbOm+kFlk+N4i4APcWFhEDnVzSl3Z8VyBdsB9Gl1r4J"", ""type"": ""Buffer""}}], ""signedIdentityKey"": {""public"": {""data"": ""B68ZNymXBZv1s1JZoHUPx48E+ZINEyf6MbNTFXJIp0I="", ""type"": ""Buffer""}, ""private"": {""data"": ""EAteQ4SDasyC1zC7aqloCHK7jxAdth8exdOfOpcstV0="", ""type"": ""Buffer""}}, ""accountSyncCounter"": 0, ""firstUnuploadedPreKeyId"": 31, ""pairingEphemeralKeyPair"": {""public"": {""data"": ""xy2lLf/EXcj7QDKqaSyu8KqxAjJhMpn54LSV1i68kHs="", ""type"": ""Buffer""}, ""private"": {""data"": ""wInokuq8pWhRhVOy0qrqWwg4eq2JwdURhXwxKyfy6F0="", ""type"": ""Buffer""}}, ""lastAccountSyncTimestamp"": 1758607277, ""processedHistoryMessages"": []}","{""features"": {""chatGPT"": true, ""autoLike"": true, ""autoView"": true, ""autoReact"": false, ""presenceMode"": ""auto_switch"", ""intervalSeconds"": 10, ""typingIndicator"": true}}",t,t,f,typing,t,2025-09-23 08:44:55.031,10,7,approved,t,2025-09-23T05:59:11.842Z,3,SERVER1,2025-09-16 19:10:32.791604,2025-09-24 09:01:19.836174,t,t,254704897825,,,available,f,f
72e5f48b-5394-4f90-9887-cee10c4211d8,Rushy,254101793738,loading,"{""me"": {""id"": ""254101793738:16@s.whatsapp.net"", ""lid"": ""113366215467194:16@lid""}, ""account"": {""details"": ""CJ6vs54BEL3dyMYGGAMgACgA"", ""deviceSignature"": ""Q0S0QFjDmt+RJ3uDaCbSY+nCHJexvN4A2J/e9EjbvQAvZSmszrcE/sVhSOebLrq+u7lco4IzMsvcyTBBTMyuCQ=="", ""accountSignature"": ""5wXdWLwD8e3TVGkgzGr6BJhwCPULkYxwTMcvGpKbfFivBo83lRfdWoLaAzycmz6H2dI8pSLDoc3a80JHVnJFAg=="", ""accountSignatureKey"": ""mdz0y1xYCkIxZM8X/QZvXDCdCrlMpTw+uOUS7CNm/zc=""}, ""noiseKey"": {""public"": {""data"": ""ChfyWA7T2lDC3mrEMPoTBFZDADbZZB5F6g3y2O8VvA8="", ""type"": ""Buffer""}, ""private"": {""data"": ""OLoMOcsehm0tlz8EJsSjvdtECRs/3S9YPS7OSvlbiXI="", ""type"": ""Buffer""}}, ""platform"": ""android"", ""registered"": true, ""pairingCode"": ""WJTZ31NF"", ""routingInfo"": {""data"": ""CAUIDQ=="", ""type"": ""Buffer""}, ""advSecretKey"": ""8LcaM4r5rf2nOY1pzUoegF+wKR2Kpg6WnxaPdkXOOrs="", ""lastPropHash"": ""3R9Z39"", ""nextPreKeyId"": 31, ""signedPreKey"": {""keyId"": 1, ""keyPair"": {""public"": {""data"": ""DuJ0ivob/zVwuMOosgX6HbKX/Xm6+cFO006GJbLxbmE="", ""type"": ""Buffer""}, ""private"": {""data"": ""QD74y0MYXZIYh6gSJ0Lb5+hud6ugZZHPSMLDc0fxwlQ="", ""type"": ""Buffer""}}, ""signature"": {""data"": ""mwRef1neVLv1LkfBqZFV9XVZRPc17qSsJrHZ7YiMR+XiqmtfBpkZ4CvFMDSpZduKsHmUdFeTz6Da80qjRwzJAA=="", ""type"": ""Buffer""}}, ""registrationId"": 56, ""accountSettings"": {""unarchiveChats"": false}, ""myAppStateKeyId"": ""AAAAAOZZ"", ""signalIdentities"": [{""identifier"": {""name"": ""254101793738:16@s.whatsapp.net"", ""deviceId"": 0}, ""identifierKey"": {""data"": ""BZnc9MtcWApCMWTPF/0Gb1wwnQq5TKU8PrjlEuwjZv83"", ""type"": ""Buffer""}}], ""signedIdentityKey"": {""public"": {""data"": ""ngBJZjQOZp8i4v37IEPBLi6jLWNByZJBiYqJ9Q1VukQ="", ""type"": ""Buffer""}, ""private"": {""data"": ""eO+2Px8A9DArn6F16hTpoqR899OHTGBdyI+Od4W+Q3I="", ""type"": ""Buffer""}}, ""accountSyncCounter"": 0, ""firstUnuploadedPreKeyId"": 31, ""pairingEphemeralKeyPair"": {""public"": {""data"": ""9cGU4lZCPU5qB4TVGiXRRIHZphsHaE7hGjVW1br1IW8="", ""type"": ""Buffer""}, ""private"": {""data"": ""wCsFpZtTzJj+oh14n4OZ9lDug9XuKULd+slWxq/dfVk="", ""type"": ""Buffer""}}, ""lastAccountSyncTimestamp"": 1758605003, ""processedHistoryMessages"": []}","{""features"": {""chatGPT"": false, ""autoLike"": true, ""autoView"": true, ""autoReact"": false, ""presenceMode"": ""none"", ""intervalSeconds"": 30, ""typingIndicator"": true}}",t,t,f,typing,f,2025-09-24 08:08:41.86,39,3,approved,t,2025-09-23T06:58:11.039Z,3,SERVER2,2025-09-23 05:27:47.625909,2025-09-24 09:01:28.124732,t,t,254101793738,,,available,f,f
c01d52fd-7b69-41c6-bc44-332461227432,"Deonscofield ",254797582445,loading,"{""me"": {""id"": ""254797582445:22@s.whatsapp.net"", ""lid"": ""263097382133805:22@lid"", ""name"": ""ùììùìªùì™ùìøùìÆùì∑-..ùê¨ùê¢ùê´-ùêÜùê¢ùêùùêùùê¢ùêû""}, ""account"": {""details"": ""CIL6uooCEPSpxcYGGAEgACgA"", ""deviceSignature"": ""02620nNkHZ9ZZON/wTHwnKHMCTr8fLxvqdo7I09Bufo/BtGEanMc/hdvN3cyBSEBneZ7Nz2sApxYMLc6CCzcgg=="", ""accountSignature"": ""7GBeagFCA3LkTyx1gMfcO3wNGD9pOAsZ0igUDkmQ8ycNdY83rQLGYYfHdhe8nG0fIFHYkJW2K95c9ZuKzDWODA=="", ""accountSignatureKey"": ""UBdLsBTJ/b3ePQeAc9ia4ayVFfHKit5AKtn0KhrOOHA=""}, ""noiseKey"": {""public"": {""data"": ""2mCMMGYBBj1DpIz558xwZ1Cq7XJa9W2qyszo9Ayg+DM="", ""type"": ""Buffer""}, ""private"": {""data"": ""MPHgmNneTW4AScMf9NGWgrkhCJf8OGYgy36vpEd/6Wk="", ""type"": ""Buffer""}}, ""platform"": ""smba"", ""registered"": true, ""pairingCode"": ""LB3VB14C"", ""routingInfo"": {""data"": ""CA0IAg=="", ""type"": ""Buffer""}, ""advSecretKey"": ""Mnak9hluzL9jM5h0Bju4feZto92pFOnqR5fA1DNH8Rc="", ""lastPropHash"": ""1K4hH4"", ""nextPreKeyId"": 61, ""signedPreKey"": {""keyId"": 1, ""keyPair"": {""public"": {""data"": ""BF5y8+3e7dP18sYr97BMtjBqzGIuDvPhF91pZFlLrgI="", ""type"": ""Buffer""}, ""private"": {""data"": ""yE4uT+sg4sXv7HmNkaKS6cmIn2lTCpqhNl7MomEDLnI="", ""type"": ""Buffer""}}, ""signature"": {""data"": ""oi1Oyu5TFRDnHdloFW7nh8/djDljTqK9Ui/SmaDVDRZzBYGPwr1DH9AO+3r1Y2mqgRDZe1EdfhKg2zAZk8yhjw=="", ""type"": ""Buffer""}}, ""registrationId"": 174, ""accountSettings"": {""unarchiveChats"": false}, ""myAppStateKeyId"": ""AAAAAKBO"", ""signalIdentities"": [{""identifier"": {""name"": ""254797582445:22@s.whatsapp.net"", ""deviceId"": 0}, ""identifierKey"": {""data"": ""BVAXS7AUyf293j0HgHPYmuGslRXxyoreQCrZ9Coazjhw"", ""type"": ""Buffer""}}], ""signedIdentityKey"": {""public"": {""data"": ""eucuy3XTQfHXfHexiKFiYEoncSooCv/U7wNXsCJcSTU="", ""type"": ""Buffer""}, ""private"": {""data"": ""wGoF9kObcA+h+sCiuhxr3W9OHU9puyiBp+683cXf1Hc="", ""type"": ""Buffer""}}, ""accountSyncCounter"": 0, ""firstUnuploadedPreKeyId"": 61, ""pairingEphemeralKeyPair"": {""public"": {""data"": ""cLjlJ7wL9KBAcc50fFCQ4IcTUsGmSC+5CJ5Fc843zSA="", ""type"": ""Buffer""}, ""private"": {""data"": ""6PDbDoWpxhdpLR7/OOs/SyuWOkTKKm+MGrxdDsYWEW4="", ""type"": ""Buffer""}}, ""lastAccountSyncTimestamp"": 1758549250, ""processedHistoryMessages"": []}","{""features"": {""chatGPT"": false, ""autoLike"": true, ""autoView"": true, ""autoReact"": false, ""presenceMode"": ""none"", ""intervalSeconds"": 30, ""typingIndicator"": true}}",t,t,f,typing,f,2025-09-24 08:08:43.452,53,3,approved,t,2025-09-22T14:25:44.610Z,1,SERVER2,2025-09-22 13:56:20.162504,2025-09-24 09:01:34.02551,t,t,254797582445,,,available,f,f
8e7930ad-2893-4e2e-b583-da2f72130e40,MR MOOHüíñüëä,254799506680,loading,"{""me"": {""id"": ""254799506680:34@s.whatsapp.net"", ""lid"": ""85096472305910:34@lid""}, ""account"": {""details"": ""COrKoeMFEP/DxsYGGAUgACgA"", ""deviceSignature"": ""Y3fYT/wVzCUI9IN4WBUSfvefwWw/HRe/MGKDpqS3OSuj7Ce8p+S3pgc/UupLF+Kqi4cHIoorW5SbvCbirFp7Dg=="", ""accountSignature"": ""h7MEKTb9W1s04gvDrfsb1ZAWypireaZQyB3DHkbyCaJSycJflI+yZdWchZ1UhaUF3WVdQceBO1x3CLL0HarOBQ=="", ""accountSignatureKey"": ""OOHJkZZiqsa1o6m8nqOVf4tc7+bdbKCoDaLP+0+JYXY=""}, ""noiseKey"": {""public"": {""data"": ""i3jqKLK6TA+wI1Rs7g8FdbmXtv8RKKOLCFbKZ1ovO38="", ""type"": ""Buffer""}, ""private"": {""data"": ""aHeG4/zYmxbD9O8pe0JZEPYUpMradt+PHWFM9XCm6m8="", ""type"": ""Buffer""}}, ""platform"": ""android"", ""registered"": true, ""pairingCode"": ""Z9Y1QJWF"", ""routingInfo"": {""data"": ""CAgIDQ=="", ""type"": ""Buffer""}, ""advSecretKey"": ""0faFUs8Kjso+6lppvGHxcMU0vQWNn5EgYF0QmuyEMds="", ""lastPropHash"": ""PWk5B"", ""nextPreKeyId"": 31, ""signedPreKey"": {""keyId"": 1, ""keyPair"": {""public"": {""data"": ""b2tVj6ssqgB8koomcQ4EkFmWCzbvKM8lmHkRJEVBgFc="", ""type"": ""Buffer""}, ""private"": {""data"": ""UM+Mvf3UFPyKuXuT/Hxi7+4hOwNEfyDZN5mGt0gHfVs="", ""type"": ""Buffer""}}, ""signature"": {""data"": ""q17fqNDcWjWCMMlXSUoTHBiG5HNT8gr628+tPv5AlmDRhIMhhpesmMMpuKPHgs9rh6mA82gD6jv7b4YFOyV+DQ=="", ""type"": ""Buffer""}}, ""registrationId"": 250, ""accountSettings"": {""unarchiveChats"": false}, ""myAppStateKeyId"": ""AAAAAEPV"", ""signalIdentities"": [{""identifier"": {""name"": ""254799506680:34@s.whatsapp.net"", ""deviceId"": 0}, ""identifierKey"": {""data"": ""BTjhyZGWYqrGtaOpvJ6jlX+LXO/m3WygqA2iz/tPiWF2"", ""type"": ""Buffer""}}], ""signedIdentityKey"": {""public"": {""data"": ""tyH/lFLweJoqXY0pZbBDVsePK4v5fvisQ2E1+vjCdHA="", ""type"": ""Buffer""}, ""private"": {""data"": ""SD0UFmZ8Tt04ge5cC1ckBL/BUwTUrqCrB6innDA5yks="", ""type"": ""Buffer""}}, ""accountSyncCounter"": 0, ""firstUnuploadedPreKeyId"": 31, ""pairingEphemeralKeyPair"": {""public"": {""data"": ""1FtF6b4ELcuSjVaSrpV40fkioJmK6ugTsIuRHEMRzXU="", ""type"": ""Buffer""}, ""private"": {""data"": ""eO6aOVrx/Xheq2cko3Mysmfno9bQruE6cySLBkkSEHk="", ""type"": ""Buffer""}}, ""lastAccountSyncTimestamp"": 1758568971, ""processedHistoryMessages"": []}","{""features"": {""chatGPT"": true, ""autoLike"": true, ""autoView"": true, ""autoReact"": false, ""presenceMode"": ""always_recording"", ""intervalSeconds"": 30}}",t,t,f,none,t,2025-09-24 08:08:43.445,45,2,approved,t,2025-09-22T19:57:10.716Z,12,SERVER2,2025-09-22 19:44:45.027398,2025-09-24 09:01:54.323205,t,t,254799506680,,,available,f,f
